{
  "KNN/formal/N500": {
    "targeted_mean": 0.4208985039852017,
    "targeted_std": 0.00941179049005352,
    "broad_mean": 0.41149696819695564,
    "broad_std": 0.008417604238581192,
    "diff_mean": 0.009401535788246027,
    "diff_std": 0.017204040539545103,
    "t": 1.5456577643271603,
    "win_targeted": 6
  },
  "KNN/formal/N1000": {
    "targeted_mean": 0.42631719888759073,
    "targeted_std": 0.006797437705496199,
    "broad_mean": 0.4263716304184972,
    "broad_std": 0.007768075990541043,
    "diff_mean": -5.4431530906444425e-05,
    "diff_std": 0.006368134270521805,
    "t": -0.024175937867690858,
    "win_targeted": 3
  },
  "KNN/formal/N2000": {
    "targeted_mean": 0.436437294137056,
    "targeted_std": 0.007699181867244664,
    "broad_mean": 0.4394453206876262,
    "broad_std": 0.009038407008187832,
    "diff_mean": -0.003008026550570163,
    "diff_std": 0.013340222006830344,
    "t": -0.6377692877399778,
    "win_targeted": 4
  },
  "KNN/formal/N4000": {
    "targeted_mean": 0.4430592222456622,
    "targeted_std": 0.00627444124742713,
    "broad_mean": 0.4509431467507068,
    "broad_std": 0.007693737039706008,
    "diff_mean": -0.007883924505044583,
    "diff_std": 0.012992194082537472,
    "t": -1.7163464290832162,
    "win_targeted": 2
  },
  "KNN/formal/N6000": {
    "targeted_mean": 0.454198750806549,
    "targeted_std": 0.007257758760837568,
    "broad_mean": 0.4529924232740665,
    "broad_std": 0.009083076505450156,
    "diff_mean": 0.001206327532482461,
    "diff_std": 0.009165838027528956,
    "t": 0.37225287027261456,
    "win_targeted": 4
  },
  "KNN/colloquial/N500": {
    "targeted_mean": 0.48093616324127564,
    "targeted_std": 0.010194207989869992,
    "broad_mean": 0.4705520132748261,
    "broad_std": 0.011375010307965217,
    "diff_mean": 0.010384149966449492,
    "diff_std": 0.0154041371577129,
    "t": 1.9066833235662233,
    "win_targeted": 5
  },
  "KNN/colloquial/N1000": {
    "targeted_mean": 0.5056909199879989,
    "targeted_std": 0.009103261112606757,
    "broad_mean": 0.49566535188261984,
    "broad_std": 0.01180304154490434,
    "diff_mean": 0.010025568105379058,
    "diff_std": 0.013029552491561703,
    "t": 2.17632867963876,
    "win_targeted": 6
  },
  "KNN/colloquial/N2000": {
    "targeted_mean": 0.5242226221542678,
    "targeted_std": 0.010806016628513004,
    "broad_mean": 0.5165361158317393,
    "broad_std": 0.005735040158566568,
    "diff_mean": 0.007686506322528458,
    "diff_std": 0.014419563780212804,
    "t": 1.5077240413476454,
    "win_targeted": 4
  },
  "KNN/colloquial/N4000": {
    "targeted_mean": 0.5423435332578157,
    "targeted_std": 0.005380589257486717,
    "broad_mean": 0.524882498802746,
    "broad_std": 0.004764069550520119,
    "diff_mean": 0.01746103445506983,
    "diff_std": 0.009863598543746894,
    "t": 5.007022868966698,
    "win_targeted": 8
  },
  "KNN/colloquial/N6000": {
    "targeted_mean": 0.5440699212609127,
    "targeted_std": 0.006591269871379674,
    "broad_mean": 0.5338369120998252,
    "broad_std": 0.006837171339941681,
    "diff_mean": 0.010233009161087589,
    "diff_std": 0.009554609605919482,
    "t": 3.0292520440672734,
    "win_targeted": 6
  },
  "NN/formal/N500": {
    "targeted_mean": 0.4441510471101612,
    "targeted_std": 0.012623476525074583,
    "broad_mean": 0.43981409821511075,
    "broad_std": 0.006856107838522618,
    "diff_mean": 0.004336948895050451,
    "diff_std": 0.019322841879622972,
    "t": 0.6348312515217903,
    "win_targeted": 5
  },
  "NN/formal/N1000": {
    "targeted_mean": 0.44729117811387864,
    "targeted_std": 0.013931673147083328,
    "broad_mean": 0.455017674500974,
    "broad_std": 0.006510702768328866,
    "diff_mean": -0.007726496387095383,
    "diff_std": 0.018129268496094062,
    "t": -1.2054447737492782,
    "win_targeted": 3
  },
  "NN/formal/N2000": {
    "targeted_mean": 0.4491098533320919,
    "targeted_std": 0.011225333983342595,
    "broad_mean": 0.45054388595275036,
    "broad_std": 0.02167930958926313,
    "diff_mean": -0.00143403262065845,
    "diff_std": 0.03125899292599895,
    "t": -0.12975647589298028,
    "win_targeted": 3
  },
  "NN/formal/N4000": {
    "targeted_mean": 0.44010994955637206,
    "targeted_std": 0.01553514465996415,
    "broad_mean": 0.443352929164196,
    "broad_std": 0.014175694883514018,
    "diff_mean": -0.0032429796078240203,
    "diff_std": 0.019699364314335586,
    "t": -0.46562576037507986,
    "win_targeted": 2
  },
  "NN/formal/N6000": {
    "targeted_mean": 0.4388775915290182,
    "targeted_std": 0.012394721825206468,
    "broad_mean": 0.44007960848584426,
    "broad_std": 0.015798002781386756,
    "diff_mean": -0.0012020169568261393,
    "diff_std": 0.023018530798390325,
    "t": -0.14769914704241985,
    "win_targeted": 4
  },
  "NN/colloquial/N500": {
    "targeted_mean": 0.5256062831590353,
    "targeted_std": 0.01243816376768371,
    "broad_mean": 0.5044492606140176,
    "broad_std": 0.0136315966050365,
    "diff_mean": 0.021157022545017723,
    "diff_std": 0.016030341077589993,
    "t": 3.732989594890849,
    "win_targeted": 7
  },
  "NN/colloquial/N1000": {
    "targeted_mean": 0.5401616427173529,
    "targeted_std": 0.009032439311825452,
    "broad_mean": 0.5323293123703587,
    "broad_std": 0.018955484457561643,
    "diff_mean": 0.007832330346994133,
    "diff_std": 0.016856281595177974,
    "t": 1.314238580930461,
    "win_targeted": 6
  },
  "NN/colloquial/N2000": {
    "targeted_mean": 0.5314223465299648,
    "targeted_std": 0.02158822755638177,
    "broad_mean": 0.5161736474147872,
    "broad_std": 0.02085969280700617,
    "diff_mean": 0.015248699115177518,
    "diff_std": 0.04345961882700552,
    "t": 0.9924116998389486,
    "win_targeted": 5
  },
  "NN/colloquial/N4000": {
    "targeted_mean": 0.5277697503113175,
    "targeted_std": 0.017617954110737556,
    "broad_mean": 0.5177476906534995,
    "broad_std": 0.020610045056541966,
    "diff_mean": 0.010022059657817994,
    "diff_std": 0.031494952773096156,
    "t": 0.900038351739058,
    "win_targeted": 4
  },
  "NN/colloquial/N6000": {
    "targeted_mean": 0.5249746372860835,
    "targeted_std": 0.029988449919674753,
    "broad_mean": 0.5119059729598602,
    "broad_std": 0.022034056613588572,
    "diff_mean": 0.013068664326223375,
    "diff_std": 0.045084261403422275,
    "t": 0.8198817838831719,
    "win_targeted": 6
  }
}