{
  "KNN/formal": {
    "acc": 0.47733333333333333,
    "macro_f1": 0.4769032504889424,
    "per_class_f1": {
      "entailment": 0.4667,
      "neutral": 0.4761,
      "contradiction": 0.4879
    },
    "confusion": [
      [
        396,
        404,
        200
      ],
      [
        152,
        554,
        294
      ],
      [
        149,
        369,
        482
      ]
    ]
  },
  "KNN/combined": {
    "acc": 0.4886666666666667,
    "macro_f1": 0.48965122985930015,
    "per_class_f1": {
      "entailment": 0.5124,
      "neutral": 0.4424,
      "contradiction": 0.5141
    },
    "confusion": [
      [
        495,
        313,
        192
      ],
      [
        257,
        461,
        282
      ],
      [
        180,
        310,
        510
      ]
    ]
  },
  "NN/formal": {
    "acc": 0.4553333333333333,
    "macro_f1": 0.4532272397956479,
    "per_class_f1": {
      "entailment": 0.4848,
      "neutral": 0.3897,
      "contradiction": 0.4852
    },
    "confusion": [
      [
        462,
        230,
        308
      ],
      [
        258,
        364,
        378
      ],
      [
        186,
        274,
        540
      ]
    ]
  },
  "NN/combined": {
    "acc": 0.49966666666666665,
    "macro_f1": 0.46456510751689817,
    "per_class_f1": {
      "entailment": 0.598,
      "neutral": 0.301,
      "contradiction": 0.4947
    },
    "confusion": [
      [
        850,
        50,
        100
      ],
      [
        544,
        205,
        251
      ],
      [
        449,
        107,
        444
      ]
    ]
  },
  "BERT/formal": {
    "acc": 0.7193333333333334,
    "macro_f1": 0.7108098162554133,
    "per_class_f1": {
      "entailment": 0.7756,
      "neutral": 0.7434,
      "contradiction": 0.6134
    },
    "confusion": [
      [
        828,
        115,
        57
      ],
      [
        93,
        827,
        80
      ],
      [
        214,
        283,
        503
      ]
    ]
  },
  "BERT/combined": {
    "acc": 0.74,
    "macro_f1": 0.7400465184014747,
    "per_class_f1": {
      "entailment": 0.7699,
      "neutral": 0.7565,
      "contradiction": 0.6937
    },
    "confusion": [
      [
        753,
        95,
        152
      ],
      [
        74,
        775,
        151
      ],
      [
        129,
        179,
        692
      ]
    ]
  }
}