{
  "KNN/formal": {
    "targeted": {
      "acc": 0.4483333333333333,
      "mf1": 0.4434821990507047
    },
    "broad": {
      "acc": 0.46,
      "mf1": 0.45643875856779137
    },
    "winner": "broad"
  },
  "NN/formal": {
    "targeted": {
      "acc": 0.4338888888888889,
      "mf1": 0.4322562392906633
    },
    "broad": {
      "acc": 0.4461111111111111,
      "mf1": 0.4358224553420125
    },
    "winner": "broad"
  },
  "BERT/formal": {
    "targeted": {
      "acc": 0.7372222222222222,
      "mf1": 0.7299599230318323
    },
    "broad": {
      "acc": 0.7294444444444445,
      "mf1": 0.7303530473090737
    },
    "winner": "broad"
  },
  "KNN/colloquial": {
    "targeted": {
      "acc": 0.5816666666666667,
      "mf1": 0.5783691304194749
    },
    "broad": {
      "acc": 0.57,
      "mf1": 0.5695492898322684
    },
    "winner": "targeted"
  },
  "NN/colloquial": {
    "targeted": {
      "acc": 0.5866666666666667,
      "mf1": 0.5896761977457539
    },
    "broad": {
      "acc": 0.5341666666666667,
      "mf1": 0.5214539061032332
    },
    "winner": "targeted"
  },
  "BERT/colloquial": {
    "targeted": {
      "acc": 0.755,
      "mf1": 0.7529875202405826
    },
    "broad": {
      "acc": 0.7558333333333334,
      "mf1": 0.7546969807356878
    },
    "winner": "broad"
  }
}