{
  "_hparams": {
    "nn_lr": 0.003,
    "bert_lr": 3e-05,
    "knn_k": "dev-selected",
    "seeds": 8
  },
  "KNN/formal/targeted/2001": {
    "mean": 0.4396970982939002,
    "std": 0.010902091892504753,
    "n": 8
  },
  "KNN/formal/targeted/3000": {
    "mean": 0.4473075378656022,
    "std": 0.01006809734124353,
    "n": 8
  },
  "KNN/formal/targeted/3999": {
    "mean": 0.45250721396258575,
    "std": 0.01092292557899125,
    "n": 8
  },
  "KNN/formal/targeted/6000": {
    "mean": 0.46117549486906373,
    "std": 0.0066621361950950355,
    "n": 8
  },
  "KNN/formal/targeted/8001": {
    "mean": 0.4662842389715601,
    "std": 0.007712403340315697,
    "n": 8
  },
  "KNN/formal/targeted/9999": {
    "mean": 0.47148046224332923,
    "std": 0.0053459060275713455,
    "n": 8
  },
  "KNN/formal/targeted/12000": {
    "mean": 0.4739111374955196,
    "std": 0.0026836149937755132,
    "n": 8
  },
  "KNN/formal/targeted/14001": {
    "mean": 0.48418421856920507,
    "std": 0.00493646523891001,
    "n": 8
  },
  "NN/formal/targeted/2001": {
    "mean": 0.4672980658266632,
    "std": 0.00465961363053841,
    "n": 8
  },
  "NN/formal/targeted/3000": {
    "mean": 0.4731253932586212,
    "std": 0.008045027183230856,
    "n": 8
  },
  "NN/formal/targeted/3999": {
    "mean": 0.4800263373653042,
    "std": 0.006567095649992302,
    "n": 8
  },
  "NN/formal/targeted/6000": {
    "mean": 0.4898869327725949,
    "std": 0.006100936560717769,
    "n": 8
  },
  "NN/formal/targeted/8001": {
    "mean": 0.5014325591548667,
    "std": 0.00766013239601764,
    "n": 8
  },
  "NN/formal/targeted/9999": {
    "mean": 0.5030230072938409,
    "std": 0.009109795394815799,
    "n": 8
  },
  "NN/formal/targeted/12000": {
    "mean": 0.5084536326322021,
    "std": 0.0068836239921136215,
    "n": 8
  },
  "NN/formal/targeted/14001": {
    "mean": 0.5128018707064191,
    "std": 0.008932121621843502,
    "n": 8
  },
  "BERT/formal/targeted/2001": {
    "mean": 0.5958726804271973,
    "std": 0.03666760939352545,
    "n": 8
  },
  "BERT/formal/targeted/3000": {
    "mean": 0.653226307127649,
    "std": 0.013008022411746136,
    "n": 8
  },
  "BERT/formal/targeted/3999": {
    "mean": 0.6770023703981373,
    "std": 0.013148271415199133,
    "n": 8
  },
  "BERT/formal/targeted/6000": {
    "mean": 0.706399375170838,
    "std": 0.011727392690866865,
    "n": 8
  },
  "BERT/formal/targeted/8001": {
    "mean": 0.7242604012705529,
    "std": 0.012277049031267449,
    "n": 8
  },
  "BERT/formal/targeted/9999": {
    "mean": 0.7421305780752362,
    "std": 0.005996719220769528,
    "n": 8
  },
  "BERT/formal/targeted/12000": {
    "mean": 0.7404817176558269,
    "std": 0.015230117636663449,
    "n": 8
  },
  "BERT/formal/targeted/14001": {
    "mean": 0.7565074967395097,
    "std": 0.014089967865756904,
    "n": 8
  },
  "KNN/formal/broad/2001": {
    "mean": 0.4396970982939002,
    "std": 0.010902091892504753,
    "n": 8
  },
  "KNN/formal/broad/3000": {
    "mean": 0.4496150428877541,
    "std": 0.006244711065356464,
    "n": 8
  },
  "KNN/formal/broad/3999": {
    "mean": 0.45462851834282886,
    "std": 0.0069268435572948876,
    "n": 8
  },
  "KNN/formal/broad/6000": {
    "mean": 0.46554097857205934,
    "std": 0.008023421703774526,
    "n": 8
  },
  "KNN/formal/broad/8001": {
    "mean": 0.4698144302549267,
    "std": 0.004701289245416255,
    "n": 8
  },
  "KNN/formal/broad/9999": {
    "mean": 0.47336625131980026,
    "std": 0.006784061509331633,
    "n": 8
  },
  "KNN/formal/broad/12000": {
    "mean": 0.4754840072211118,
    "std": 0.006650361900006709,
    "n": 8
  },
  "KNN/formal/broad/14001": {
    "mean": 0.4746847956434362,
    "std": 0.00617817985773497,
    "n": 8
  },
  "NN/formal/broad/2001": {
    "mean": 0.4700976367369627,
    "std": 0.008879951718487707,
    "n": 8
  },
  "NN/formal/broad/3000": {
    "mean": 0.4747508708177687,
    "std": 0.0093454222605523,
    "n": 8
  },
  "NN/formal/broad/3999": {
    "mean": 0.4791064245292944,
    "std": 0.007963793093568122,
    "n": 8
  },
  "NN/formal/broad/6000": {
    "mean": 0.4874829037015498,
    "std": 0.00947304890016107,
    "n": 8
  },
  "NN/formal/broad/8001": {
    "mean": 0.4970028098066934,
    "std": 0.010342017301094898,
    "n": 8
  },
  "NN/formal/broad/9999": {
    "mean": 0.5011497524808157,
    "std": 0.005363437905997727,
    "n": 8
  },
  "NN/formal/broad/12000": {
    "mean": 0.5091740813945429,
    "std": 0.0049405344261190896,
    "n": 8
  },
  "NN/formal/broad/14001": {
    "mean": 0.511283897852414,
    "std": 0.007140847276699742,
    "n": 8
  },
  "BERT/formal/broad/2001": {
    "mean": 0.5980707667335061,
    "std": 0.03831307534663908,
    "n": 8
  },
  "BERT/formal/broad/3000": {
    "mean": 0.6472912081893631,
    "std": 0.014773923795073876,
    "n": 8
  },
  "BERT/formal/broad/3999": {
    "mean": 0.6793802380761083,
    "std": 0.01552373309683149,
    "n": 8
  },
  "BERT/formal/broad/6000": {
    "mean": 0.6897726083542178,
    "std": 0.029642287906882003,
    "n": 8
  },
  "BERT/formal/broad/8001": {
    "mean": 0.7200974346829472,
    "std": 0.012751241395935649,
    "n": 8
  },
  "BERT/formal/broad/9999": {
    "mean": 0.7313886452866996,
    "std": 0.008928270627122164,
    "n": 8
  },
  "BERT/formal/broad/12000": {
    "mean": 0.7364641907535969,
    "std": 0.011791777021136048,
    "n": 8
  },
  "BERT/formal/broad/14001": {
    "mean": 0.7516172740579603,
    "std": 0.010029532223095716,
    "n": 8
  },
  "KNN/colloquial/targeted/2001": {
    "mean": 0.534693813084688,
    "std": 0.01146316569090556,
    "n": 8
  },
  "KNN/colloquial/targeted/3000": {
    "mean": 0.5479368418405103,
    "std": 0.012711148447716552,
    "n": 8
  },
  "KNN/colloquial/targeted/3999": {
    "mean": 0.553537110593652,
    "std": 0.010306620292894926,
    "n": 8
  },
  "KNN/colloquial/targeted/6000": {
    "mean": 0.5623231264330432,
    "std": 0.00413468394571312,
    "n": 8
  },
  "KNN/colloquial/targeted/8001": {
    "mean": 0.5642657986753836,
    "std": 0.007013148766834873,
    "n": 8
  },
  "NN/colloquial/targeted/2001": {
    "mean": 0.5538693488763111,
    "std": 0.012386677494980763,
    "n": 8
  },
  "NN/colloquial/targeted/3000": {
    "mean": 0.566083982628137,
    "std": 0.012029809458476086,
    "n": 8
  },
  "NN/colloquial/targeted/3999": {
    "mean": 0.5843497374886832,
    "std": 0.01122627513842769,
    "n": 8
  },
  "NN/colloquial/targeted/6000": {
    "mean": 0.6041557206386866,
    "std": 0.011246265968700306,
    "n": 8
  },
  "NN/colloquial/targeted/8001": {
    "mean": 0.6181268202974222,
    "std": 0.013788591292414026,
    "n": 8
  },
  "BERT/colloquial/targeted/2001": {
    "mean": 0.5764991055067767,
    "std": 0.02976973482818564,
    "n": 8
  },
  "BERT/colloquial/targeted/3000": {
    "mean": 0.6704432615565911,
    "std": 0.019981757552324557,
    "n": 8
  },
  "BERT/colloquial/targeted/3999": {
    "mean": 0.682700464696097,
    "std": 0.010470229986897242,
    "n": 8
  },
  "BERT/colloquial/targeted/6000": {
    "mean": 0.7218150795425876,
    "std": 0.009631210666016151,
    "n": 8
  },
  "BERT/colloquial/targeted/8001": {
    "mean": 0.7325042131634119,
    "std": 0.015447740526018156,
    "n": 8
  },
  "KNN/colloquial/broad/2001": {
    "mean": 0.5363903123454536,
    "std": 0.010272864254804417,
    "n": 8
  },
  "KNN/colloquial/broad/3000": {
    "mean": 0.5435755508761351,
    "std": 0.006010860344703404,
    "n": 8
  },
  "KNN/colloquial/broad/3999": {
    "mean": 0.5487967419858151,
    "std": 0.008907424300839201,
    "n": 8
  },
  "KNN/colloquial/broad/6000": {
    "mean": 0.5511423053513241,
    "std": 0.008327969494921218,
    "n": 8
  },
  "KNN/colloquial/broad/8001": {
    "mean": 0.5599998614065875,
    "std": 0.009742018405727013,
    "n": 8
  },
  "KNN/colloquial/broad/9999": {
    "mean": 0.5661097574030061,
    "std": 0.007281186163111373,
    "n": 8
  },
  "KNN/colloquial/broad/12000": {
    "mean": 0.5691708201418959,
    "std": 0.011784212177469722,